"var","level","class","level_valid"
"industry_advertising","Not selected","factor","Not.selected"
"industry_philanthropy","Not selected","factor","Not.selected"
"industry_education","Not selected","factor","Not.selected"
"industry_education","Selected","factor","Selected"
"industry_financial_services","Not selected","factor","Not.selected"
"industry_financial_services","Selected","factor","Selected"
"industry_healthcare","Selected","factor","Selected"
"industry_healthcare","Not selected","factor","Not.selected"
"industry_media","Not selected","factor","Not.selected"
"industry_media","Selected","factor","Selected"
"industry_manufacturing","Not selected","factor","Not.selected"
"industry_manufacturing","Selected","factor","Selected"
"industry_marketing","Not selected","factor","Not.selected"
"industry_politics","Not selected","factor","Not.selected"
"industry_government","Not selected","factor","Not.selected"
"industry_government","Selected","factor","Selected"
"industry_food_service","Not selected","factor","Not.selected"
"industry_food_service","Selected","factor","Selected"
"industry_retail","Not selected","factor","Not.selected"
"industry_retail","Selected","factor","Selected"
"industry_none","Not selected","factor","Not.selected"
"industry_none","Selected","factor","Selected"
"gender","Female","factor","Female"
"gender","Male","factor","Male"
"age_range","55-64 (IF sAge=1953 to 1962)","factor","X55.64..IF.sAge.1953.to.1962."
"age_range","45-54 (IF sAge=1963 to 1972)","factor","X45.54..IF.sAge.1963.to.1972."
"age_range","35-44 (IF sAge=1973 to 1982)","factor","X35.44..IF.sAge.1973.to.1982."
"age_range","25-34 (IF sAge=1983 to 1992)","factor","X25.34..IF.sAge.1983.to.1992."
"age_range","65+(IF sAge=1952 OR HIGHER))","factor","X65..IF.sAge.1952.OR.HIGHER.."
"age_range","18-24 (IF sAge=1993 to 1999)","factor","X18.24..IF.sAge.1993.to.1999."
"generation","1946-1964 - Baby Boomers","factor","X1946.1964...Baby.Boomers"
"generation","1965-1980 - Generation X","factor","X1965.1980...Generation.X"
"generation","1981-2000 - Generation Y/Millennial","factor","X1981.2000...Generation.Y.Millennial"
"generation","1927-1945 - Mature/Silents","factor","X1927.1945...Mature.Silents"
"region","South","factor","South"
"region","Northeast","factor","Northeast"
"region","West","factor","West"
"region","Midwest","factor","Midwest"
"hispanic","Yes","factor","Yes"
"hispanic","No","factor","No"
"hispanic","Prefer not to disclose","factor","Prefer.not.to.disclose"
"ethnicity","White","factor","White"
"ethnicity","Asian or Pacific Islander","factor","Asian.or.Pacific.Islander"
"ethnicity","African American/Black/Caribbean American","factor","African.American.Black.Caribbean.American"
"ethnicity","Native American or American Indian","factor","Native.American.or.American.Indian"
"ethnicity","Mixed (SPECIFY)","factor","Mixed..SPECIFY."
"ethnicity","Other (SPECIFY)","factor","Other..SPECIFY."
"ethnicity","Prefer not to disclose","factor","Prefer.not.to.disclose"
"household_income","$150,000 to less than $200,000","factor","X.150.000.to.less.than..200.000"
"household_income","$35,000 - less than $50,000","factor","X.35.000...less.than..50.000"
"household_income","$100,000 - less than $150,000","factor","X.100.000...less.than..150.000"
"household_income","$50,000 - less than $75,000","factor","X.50.000...less.than..75.000"
"household_income","Prefer not to disclose","factor","Prefer.not.to.disclose"
"household_income","$75,000 - less than $100,000","factor","X.75.000...less.than..100.000"
"household_income","$25,000 - less than $35,000","factor","X.25.000...less.than..35.000"
"household_income","$200,000 or more","factor","X.200.000.or.more"
"household_income","Less than $25,000","factor","Less.than..25.000"
"education","College graduate/Bachelor's degree/BA/BS","factor","College.graduate.Bachelor.s.degree.BA.BS"
"education","Associate's degree/Technical degree/AA/AS","factor","Associate.s.degree.Technical.degree.AA.AS"
"education","Some college, but not currently enrolled","factor","Some.college..but.not.currently.enrolled"
"education","PhD or MD","factor","PhD.or.MD"
"education","Master's degree","factor","Master.s.degree"
"education","High school graduate","factor","High.school.graduate"
"education","MBA or Law degree","factor","MBA.or.Law.degree"
"education","Some postgraduate courses","factor","Some.postgraduate.courses"
"education","Currently enrolled in college","factor","Currently.enrolled.in.college"
"education","Less than high school","factor","Less.than.high.school"
"employment_status","Employed, Full-time (35 hours a week or more)","factor","Employed..Full.time..35.hours.a.week.or.more."
"employment_status","A homemaker/stay-at-home parent","factor","A.homemaker.stay.at.home.parent"
"employment_status","Employed, Part-time (Less than 35 hours a week)","factor","Employed..Part.time..Less.than.35.hours.a.week."
"employment_status","Retired","factor","Retired"
"employment_status","Unemployed and looking for work","factor","Unemployed.and.looking.for.work"
"employment_status","Unable to work","factor","Unable.to.work"
"employment_status","Self-employed","factor","Self.employed"
"employment_status","A student","factor","A.student"
"employment_status","Unemployed and not currently looking for work","factor","Unemployed.and.not.currently.looking.for.work"
"civic_engagement_write_to_editor","Not selected","factor","Not.selected"
"civic_engagement_write_to_editor","Selected","factor","Selected"
"civic_engagement_contact_official","Not selected","factor","Not.selected"
"civic_engagement_contact_official","Selected","factor","Selected"
"civic_engagement_political_event","Not selected","factor","Not.selected"
"civic_engagement_political_event","Selected","factor","Selected"
"civic_engagement_volunteer","Not selected","factor","Not.selected"
"civic_engagement_volunteer","Selected","factor","Selected"
"civic_engagement_donate","Not selected","factor","Not.selected"
"civic_engagement_donate","Selected","factor","Selected"
"civic_engagement_committee","Selected","factor","Selected"
"civic_engagement_committee","Not selected","factor","Not.selected"
"civic_engagement_publish_writing","Not selected","factor","Not.selected"
"civic_engagement_publish_writing","Selected","factor","Selected"
"civic_engagement_write_online","Not selected","factor","Not.selected"
"civic_engagement_write_online","Selected","factor","Selected"
"civic_engagement_none","Not selected","factor","Not.selected"
"civic_engagement_none","Selected","factor","Selected"
"frequency_of_use_newspaper_magazine","Almost every day","factor","Almost.every.day"
"frequency_of_use_newspaper_magazine","Less than once a week","factor","Less.than.once.a.week"
"frequency_of_use_newspaper_magazine","Every few days","factor","Every.few.days"
"frequency_of_use_newspaper_magazine","Once a day or more","factor","Once.a.day.or.more"
"frequency_of_use_newspaper_magazine","Rarely or never","factor","Rarely.or.never"
"frequency_of_use_newspaper_magazine","Once or twice a week","factor","Once.or.twice.a.week"
"frequency_of_use_online_newspaper_magazine","Every few days","factor","Every.few.days"
"frequency_of_use_online_newspaper_magazine","Less than once a week","factor","Less.than.once.a.week"
"frequency_of_use_online_newspaper_magazine","Once a day or more","factor","Once.a.day.or.more"
"frequency_of_use_online_newspaper_magazine","Rarely or never","factor","Rarely.or.never"
"frequency_of_use_online_newspaper_magazine","Almost every day","factor","Almost.every.day"
"frequency_of_use_online_newspaper_magazine","Once or twice a week","factor","Once.or.twice.a.week"
"frequency_of_use_news_from_blogs","Rarely or never","factor","Rarely.or.never"
"frequency_of_use_news_from_blogs","Less than once a week","factor","Less.than.once.a.week"
"frequency_of_use_news_from_blogs","Almost every day","factor","Almost.every.day"
"frequency_of_use_news_from_blogs","Every few days","factor","Every.few.days"
"frequency_of_use_news_from_blogs","Once a day or more","factor","Once.a.day.or.more"
"frequency_of_use_news_from_blogs","Once or twice a week","factor","Once.or.twice.a.week"
"frequency_of_use_news_on_tv","Once a day or more","factor","Once.a.day.or.more"
"frequency_of_use_news_on_tv","Once or twice a week","factor","Once.or.twice.a.week"
"frequency_of_use_news_on_tv","Every few days","factor","Every.few.days"
"frequency_of_use_news_on_tv","Almost every day","factor","Almost.every.day"
"frequency_of_use_news_on_tv","Rarely or never","factor","Rarely.or.never"
"frequency_of_use_news_on_tv","Less than once a week","factor","Less.than.once.a.week"
"frequency_of_use_news_on_streaming_video","Every few days","factor","Every.few.days"
"frequency_of_use_news_on_streaming_video","Rarely or never","factor","Rarely.or.never"
"frequency_of_use_news_on_streaming_video","Once a day or more","factor","Once.a.day.or.more"
"frequency_of_use_news_on_streaming_video","Less than once a week","factor","Less.than.once.a.week"
"frequency_of_use_news_on_streaming_video","Once or twice a week","factor","Once.or.twice.a.week"
"frequency_of_use_news_on_streaming_video","Almost every day","factor","Almost.every.day"
"frequency_of_use_news_on_radio","Almost every day","factor","Almost.every.day"
"frequency_of_use_news_on_radio","Once a day or more","factor","Once.a.day.or.more"
"frequency_of_use_news_on_radio","Every few days","factor","Every.few.days"
"frequency_of_use_news_on_radio","Once or twice a week","factor","Once.or.twice.a.week"
"frequency_of_use_news_on_radio","Rarely or never","factor","Rarely.or.never"
"frequency_of_use_news_on_radio","Less than once a week","factor","Less.than.once.a.week"
"frequency_of_use_news_on_podcast","Once a day or more","factor","Once.a.day.or.more"
"frequency_of_use_news_on_podcast","Rarely or never","factor","Rarely.or.never"
"frequency_of_use_news_on_podcast","Almost every day","factor","Almost.every.day"
"frequency_of_use_news_on_podcast","Every few days","factor","Every.few.days"
"frequency_of_use_news_on_podcast","Once or twice a week","factor","Once.or.twice.a.week"
"frequency_of_use_news_on_podcast","Less than once a week","factor","Less.than.once.a.week"
"frequency_of_use_news_on_social_media","Once or twice a week","factor","Once.or.twice.a.week"
"frequency_of_use_news_on_social_media","Rarely or never","factor","Rarely.or.never"
"frequency_of_use_news_on_social_media","Almost every day","factor","Almost.every.day"
"frequency_of_use_news_on_social_media","Once a day or more","factor","Once.a.day.or.more"
"frequency_of_use_news_on_social_media","Every few days","factor","Every.few.days"
"frequency_of_use_news_on_social_media","Less than once a week","factor","Less.than.once.a.week"
"opinion_elite","No","factor","No"
"opinion_elite","Yes","factor","Yes"
"media_industry_manager",NA,"factor","NA."
"media_industry_manager","Not selected","factor","Not.selected"
"media_industry_reporter",NA,"factor","NA."
"media_industry_reporter","Not selected","factor","Not.selected"
"media_industry_writer",NA,"factor","NA."
"media_industry_writer","Not selected","factor","Not.selected"
"media_industry_editor",NA,"factor","NA."
"media_industry_editor","Not selected","factor","Not.selected"
"media_industry_producer",NA,"factor","NA."
"media_industry_producer","Not selected","factor","Not.selected"
"media_industry_producer","Selected","factor","Selected"
"media_industry_blogger",NA,"factor","NA."
"media_industry_blogger","Not selected","factor","Not.selected"
"media_industry_technician",NA,"factor","NA."
"media_industry_technician","Not selected","factor","Not.selected"
"media_industry_advertising",NA,"factor","NA."
"media_industry_advertising","Not selected","factor","Not.selected"
"media_industry_none",NA,"factor","NA."
"media_industry_none","Selected","factor","Selected"
"media_industry_none","Not selected","factor","Not.selected"
"blog_viewers",NA,"factor","NA."
"education_industry_professor",NA,"factor","NA."
"education_industry_professor","Not selected","factor","Not.selected"
"education_industry_professor","Selected","factor","Selected"
"education_industry_teacher",NA,"factor","NA."
"education_industry_teacher","Selected","factor","Selected"
"education_industry_teacher","Not selected","factor","Not.selected"
"education_industry_researcher",NA,"factor","NA."
"education_industry_researcher","Not selected","factor","Not.selected"
"education_industry_researcher","Selected","factor","Selected"
"education_industry_none",NA,"factor","NA."
"education_industry_none","Not selected","factor","Not.selected"
"education_industry_none","Selected","factor","Selected"
"government_industry_elected",NA,"factor","NA."
"government_industry_elected","Not selected","factor","Not.selected"
"government_industry_civil_servant",NA,"factor","NA."
"government_industry_civil_servant","Selected","factor","Selected"
"government_industry_civil_servant","Not selected","factor","Not.selected"
"government_industry_none",NA,"factor","NA."
"government_industry_none","Not selected","factor","Not.selected"
"government_industry_none","Selected","factor","Selected"
"social_media_frequency_fb","Once a day or more","factor","Once.a.day.or.more"
"social_media_frequency_fb","Almost every day","factor","Almost.every.day"
"social_media_frequency_fb","Rarely or never","factor","Rarely.or.never"
"social_media_frequency_fb","Less than once a week","factor","Less.than.once.a.week"
"social_media_frequency_fb","Once or twice a week","factor","Once.or.twice.a.week"
"social_media_frequency_fb","Every few days","factor","Every.few.days"
"social_media_frequency_twitter","Every few days","factor","Every.few.days"
"social_media_frequency_twitter","Rarely or never","factor","Rarely.or.never"
"social_media_frequency_twitter","Once a day or more","factor","Once.a.day.or.more"
"social_media_frequency_twitter","Once or twice a week","factor","Once.or.twice.a.week"
"social_media_frequency_twitter","Less than once a week","factor","Less.than.once.a.week"
"social_media_frequency_twitter","Almost every day","factor","Almost.every.day"
"social_media_frequency_reddit","Every few days","factor","Every.few.days"
"social_media_frequency_reddit","Rarely or never","factor","Rarely.or.never"
"social_media_frequency_reddit","Once a day or more","factor","Once.a.day.or.more"
"social_media_frequency_reddit","Less than once a week","factor","Less.than.once.a.week"
"social_media_frequency_reddit","Almost every day","factor","Almost.every.day"
"social_media_frequency_reddit","Once or twice a week","factor","Once.or.twice.a.week"
"social_media_frequency_tumblr","Every few days","factor","Every.few.days"
"social_media_frequency_tumblr","Rarely or never","factor","Rarely.or.never"
"social_media_frequency_tumblr","Almost every day","factor","Almost.every.day"
"social_media_frequency_tumblr","Less than once a week","factor","Less.than.once.a.week"
"social_media_frequency_tumblr","Once a day or more","factor","Once.a.day.or.more"
"social_media_frequency_tumblr","Once or twice a week","factor","Once.or.twice.a.week"
"social_media_frequency_linkedin","Every few days","factor","Every.few.days"
"social_media_frequency_linkedin","Rarely or never","factor","Rarely.or.never"
"social_media_frequency_linkedin","Once a day or more","factor","Once.a.day.or.more"
"social_media_frequency_linkedin","Once or twice a week","factor","Once.or.twice.a.week"
"social_media_frequency_linkedin","Almost every day","factor","Almost.every.day"
"social_media_frequency_linkedin","Less than once a week","factor","Less.than.once.a.week"
"social_media_frequency_snapchat","Less than once a week","factor","Less.than.once.a.week"
"social_media_frequency_snapchat","Rarely or never","factor","Rarely.or.never"
"social_media_frequency_snapchat","Once a day or more","factor","Once.a.day.or.more"
"social_media_frequency_snapchat","Every few days","factor","Every.few.days"
"social_media_frequency_snapchat","Almost every day","factor","Almost.every.day"
"social_media_frequency_snapchat","Once or twice a week","factor","Once.or.twice.a.week"
"social_media_frequency_pinterest","Every few days","factor","Every.few.days"
"social_media_frequency_pinterest","Rarely or never","factor","Rarely.or.never"
"social_media_frequency_pinterest","Almost every day","factor","Almost.every.day"
"social_media_frequency_pinterest","Less than once a week","factor","Less.than.once.a.week"
"social_media_frequency_pinterest","Once or twice a week","factor","Once.or.twice.a.week"
"social_media_frequency_pinterest","Once a day or more","factor","Once.a.day.or.more"
"social_media_frequency_instagram","Rarely or never","factor","Rarely.or.never"
"social_media_frequency_instagram","Almost every day","factor","Almost.every.day"
"social_media_frequency_instagram","Once or twice a week","factor","Once.or.twice.a.week"
"social_media_frequency_instagram","Once a day or more","factor","Once.a.day.or.more"
"social_media_frequency_instagram","Less than once a week","factor","Less.than.once.a.week"
"social_media_frequency_instagram","Every few days","factor","Every.few.days"
"social_media_frequency_youtube","Every few days","factor","Every.few.days"
"social_media_frequency_youtube","Rarely or never","factor","Rarely.or.never"
"social_media_frequency_youtube","Once a day or more","factor","Once.a.day.or.more"
"social_media_frequency_youtube","Almost every day","factor","Almost.every.day"
"social_media_frequency_youtube","Once or twice a week","factor","Once.or.twice.a.week"
"social_media_frequency_youtube","Less than once a week","factor","Less.than.once.a.week"
"sample_split","Split-6","factor","Split.6"
"sample_split","Split-1","factor","Split.1"
"sample_split","Split-3","factor","Split.3"
"sample_split","Split-4","factor","Split.4"
"sample_split","Split-2","factor","Split.2"
"sample_split","Split-5","factor","Split.5"
"future_prospects","Somewhat optimistic","factor","Somewhat.optimistic"
"future_prospects","Very pessimistic","factor","Very.pessimistic"
"future_prospects","Somewhat pessimistic","factor","Somewhat.pessimistic"
"future_prospects","Very optimistic","factor","Very.optimistic"
"prospects_of_own_generation","Somewhat worse off","factor","Somewhat.worse.off"
"prospects_of_own_generation","Much worse off","factor","Much.worse.off"
"prospects_of_own_generation","Somewhat better off","factor","Somewhat.better.off"
"prospects_of_own_generation","Much better off","factor","Much.better.off"
"prospects_of_own_generation","About the same","factor","About.the.same"
"prospects_of_next_generation","Somewhat worse off","factor","Somewhat.worse.off"
"prospects_of_next_generation","Much worse off","factor","Much.worse.off"
"prospects_of_next_generation","Somewhat better off","factor","Somewhat.better.off"
"prospects_of_next_generation","Much better off","factor","Much.better.off"
"prospects_of_next_generation","About the same","factor","About.the.same"
"dem_for_change","Large changes are needed","factor","Large.changes.are.needed"
"dem_for_change","Small changes are needed","factor","Small.changes.are.needed"
"dem_for_change","No change is needed","factor","No.change.is.needed"
"dem_for_change","Everything needs to change","factor","Everything.needs.to.change"
"what_needs_to_change","","character","X"
"favorability_of_czi",NA,"factor","NA."
"favorability_of_czi","Very favorable","factor","Very.favorable"
"favorability_of_czi","Unfamiliar","factor","Unfamiliar"
"favorability_of_czi","Somewhat favorable","factor","Somewhat.favorable"
"favorability_of_czi","Very unfavorable","factor","Very.unfavorable"
"favorability_of_czi","Somewhat unfavorable","factor","Somewhat.unfavorable"
"favorability_of_facebook",NA,"factor","NA."
"favorability_of_facebook","Somewhat favorable","factor","Somewhat.favorable"
"favorability_of_facebook","Somewhat unfavorable","factor","Somewhat.unfavorable"
"favorability_of_facebook","Very unfavorable","factor","Very.unfavorable"
"favorability_of_facebook","Very favorable","factor","Very.favorable"
"favorability_of_facebook","Unfamiliar","factor","Unfamiliar"
"favorability_of_google",NA,"factor","NA."
"favorability_of_google","Very favorable","factor","Very.favorable"
"favorability_of_google","Somewhat unfavorable","factor","Somewhat.unfavorable"
"favorability_of_google","Somewhat favorable","factor","Somewhat.favorable"
"favorability_of_google","Very unfavorable","factor","Very.unfavorable"
"favorability_of_google","Unfamiliar","factor","Unfamiliar"
"favorability_of_apple",NA,"factor","NA."
"favorability_of_apple","Very favorable","factor","Very.favorable"
"favorability_of_apple","Somewhat unfavorable","factor","Somewhat.unfavorable"
"favorability_of_apple","Somewhat favorable","factor","Somewhat.favorable"
"favorability_of_apple","Very unfavorable","factor","Very.unfavorable"
"favorability_of_apple","Unfamiliar","factor","Unfamiliar"
"favorability_of_amazon_com",NA,"factor","NA."
"favorability_of_amazon_com","Very favorable","factor","Very.favorable"
"favorability_of_amazon_com","Somewhat favorable","factor","Somewhat.favorable"
"favorability_of_amazon_com","Somewhat unfavorable","factor","Somewhat.unfavorable"
"favorability_of_amazon_com","Unfamiliar","factor","Unfamiliar"
"favorability_of_amazon_com","Very unfavorable","factor","Very.unfavorable"
"favorability_of_mcdonald_s",NA,"factor","NA."
"favorability_of_mcdonald_s","Very favorable","factor","Very.favorable"
"favorability_of_mcdonald_s","Somewhat unfavorable","factor","Somewhat.unfavorable"
"favorability_of_mcdonald_s","Somewhat favorable","factor","Somewhat.favorable"
"favorability_of_mcdonald_s","Very unfavorable","factor","Very.unfavorable"
"favorability_of_mcdonald_s","Unfamiliar","factor","Unfamiliar"
"favorability_of_general_electric",NA,"factor","NA."
"favorability_of_general_electric","Somewhat favorable","factor","Somewhat.favorable"
"favorability_of_general_electric","Unfamiliar","factor","Unfamiliar"
"favorability_of_general_electric","Very favorable","factor","Very.favorable"
"favorability_of_general_electric","Somewhat unfavorable","factor","Somewhat.unfavorable"
"favorability_of_general_electric","Very unfavorable","factor","Very.unfavorable"
"favorability_of_bank_of_america",NA,"factor","NA."
"favorability_of_bank_of_america","Somewhat favorable","factor","Somewhat.favorable"
"favorability_of_bank_of_america","Somewhat unfavorable","factor","Somewhat.unfavorable"
"favorability_of_bank_of_america","Unfamiliar","factor","Unfamiliar"
"favorability_of_bank_of_america","Very favorable","factor","Very.favorable"
"favorability_of_bank_of_america","Very unfavorable","factor","Very.unfavorable"
"favorability_of_walmart",NA,"factor","NA."
"favorability_of_walmart","Somewhat favorable","factor","Somewhat.favorable"
"favorability_of_walmart","Somewhat unfavorable","factor","Somewhat.unfavorable"
"favorability_of_walmart","Very unfavorable","factor","Very.unfavorable"
"favorability_of_walmart","Very favorable","factor","Very.favorable"
"favorability_of_walmart","Unfamiliar","factor","Unfamiliar"
"favorability_of_bill__melinda_gates_foundation",NA,"factor","NA."
"favorability_of_bill__melinda_gates_foundation","Very favorable","factor","Very.favorable"
"favorability_of_bill__melinda_gates_foundation","Unfamiliar","factor","Unfamiliar"
"favorability_of_bill__melinda_gates_foundation","Somewhat favorable","factor","Somewhat.favorable"
"favorability_of_bill__melinda_gates_foundation","Somewhat unfavorable","factor","Somewhat.unfavorable"
"favorability_of_bill__melinda_gates_foundation","Very unfavorable","factor","Very.unfavorable"
"favorability_of_ford_foundation","Somewhat unfavorable","factor","Somewhat.unfavorable"
"favorability_of_ford_foundation","Somewhat favorable","factor","Somewhat.favorable"
"favorability_of_ford_foundation",NA,"factor","NA."
"favorability_of_ford_foundation","Unfamiliar","factor","Unfamiliar"
"favorability_of_ford_foundation","Very favorable","factor","Very.favorable"
"favorability_of_ford_foundation","Very unfavorable","factor","Very.unfavorable"
"favorability_of_bloomberg_philanthropies","Somewhat unfavorable","factor","Somewhat.unfavorable"
"favorability_of_bloomberg_philanthropies","Unfamiliar","factor","Unfamiliar"
"favorability_of_bloomberg_philanthropies",NA,"factor","NA."
"favorability_of_bloomberg_philanthropies","Somewhat favorable","factor","Somewhat.favorable"
"favorability_of_bloomberg_philanthropies","Very favorable","factor","Very.favorable"
"favorability_of_bloomberg_philanthropies","Very unfavorable","factor","Very.unfavorable"
"favorability_of_silicon_valley_community_foundation","Somewhat unfavorable","factor","Somewhat.unfavorable"
"favorability_of_silicon_valley_community_foundation","Unfamiliar","factor","Unfamiliar"
"favorability_of_silicon_valley_community_foundation",NA,"factor","NA."
"favorability_of_silicon_valley_community_foundation","Very favorable","factor","Very.favorable"
"favorability_of_silicon_valley_community_foundation","Somewhat favorable","factor","Somewhat.favorable"
"favorability_of_silicon_valley_community_foundation","Very unfavorable","factor","Very.unfavorable"
"favorability_of_clinton_foundation","Somewhat unfavorable","factor","Somewhat.unfavorable"
"favorability_of_clinton_foundation","Very unfavorable","factor","Very.unfavorable"
"favorability_of_clinton_foundation",NA,"factor","NA."
"favorability_of_clinton_foundation","Somewhat favorable","factor","Somewhat.favorable"
"favorability_of_clinton_foundation","Unfamiliar","factor","Unfamiliar"
"favorability_of_clinton_foundation","Very favorable","factor","Very.favorable"
"favorability_of_open_society_foundations","Somewhat unfavorable","factor","Somewhat.unfavorable"
"favorability_of_open_society_foundations","Unfamiliar","factor","Unfamiliar"
"favorability_of_open_society_foundations",NA,"factor","NA."
"favorability_of_open_society_foundations","Somewhat favorable","factor","Somewhat.favorable"
"favorability_of_open_society_foundations","Very favorable","factor","Very.favorable"
"favorability_of_open_society_foundations","Very unfavorable","factor","Very.unfavorable"
"favorability_of_emerson_collective","Somewhat unfavorable","factor","Somewhat.unfavorable"
"favorability_of_emerson_collective","Unfamiliar","factor","Unfamiliar"
"favorability_of_emerson_collective",NA,"factor","NA."
"favorability_of_emerson_collective","Somewhat favorable","factor","Somewhat.favorable"
"favorability_of_emerson_collective","Very favorable","factor","Very.favorable"
"favorability_of_emerson_collective","Very unfavorable","factor","Very.unfavorable"
"favorability_of_new_york_times","Somewhat favorable","factor","Somewhat.favorable"
"favorability_of_new_york_times",NA,"factor","NA."
"favorability_of_new_york_times","Unfamiliar","factor","Unfamiliar"
"favorability_of_new_york_times","Very favorable","factor","Very.favorable"
"favorability_of_new_york_times","Somewhat unfavorable","factor","Somewhat.unfavorable"
"favorability_of_new_york_times","Very unfavorable","factor","Very.unfavorable"
"favorability_of_washington_post","Somewhat favorable","factor","Somewhat.favorable"
"favorability_of_washington_post","Unfamiliar","factor","Unfamiliar"
"favorability_of_washington_post",NA,"factor","NA."
"favorability_of_washington_post","Very favorable","factor","Very.favorable"
"favorability_of_washington_post","Somewhat unfavorable","factor","Somewhat.unfavorable"
"favorability_of_washington_post","Very unfavorable","factor","Very.unfavorable"
"favorability_of_fox_news","Very unfavorable","factor","Very.unfavorable"
"favorability_of_fox_news","Unfamiliar","factor","Unfamiliar"
"favorability_of_fox_news",NA,"factor","NA."
"favorability_of_fox_news","Somewhat favorable","factor","Somewhat.favorable"
"favorability_of_fox_news","Very favorable","factor","Very.favorable"
"favorability_of_fox_news","Somewhat unfavorable","factor","Somewhat.unfavorable"
"favorability_of_rockefeller_foundation","Somewhat unfavorable","factor","Somewhat.unfavorable"
"favorability_of_rockefeller_foundation","Unfamiliar","factor","Unfamiliar"
"favorability_of_rockefeller_foundation",NA,"factor","NA."
"favorability_of_rockefeller_foundation","Somewhat favorable","factor","Somewhat.favorable"
"favorability_of_rockefeller_foundation","Very favorable","factor","Very.favorable"
"favorability_of_rockefeller_foundation","Very unfavorable","factor","Very.unfavorable"
"impact_of_czi",NA,"factor","NA."
"impact_of_czi","Very positive impact","factor","Very.positive.impact"
"impact_of_czi","Don't Know","factor","Don.t.Know"
"impact_of_czi","Somewhat positive impact","factor","Somewhat.positive.impact"
"impact_of_czi","No impact","factor","No.impact"
"impact_of_czi","Very negative impact","factor","Very.negative.impact"
"impact_of_czi","Somewhat negative impact","factor","Somewhat.negative.impact"
"impact_of_facebook",NA,"factor","NA."
"impact_of_facebook","Very positive impact","factor","Very.positive.impact"
"impact_of_facebook","Somewhat positive impact","factor","Somewhat.positive.impact"
"impact_of_facebook","Somewhat negative impact","factor","Somewhat.negative.impact"
"impact_of_facebook","No impact","factor","No.impact"
"impact_of_facebook","Very negative impact","factor","Very.negative.impact"
"impact_of_facebook","Don't Know","factor","Don.t.Know"
"impact_of_google",NA,"factor","NA."
"impact_of_google","Very positive impact","factor","Very.positive.impact"
"impact_of_google","Somewhat positive impact","factor","Somewhat.positive.impact"
"impact_of_google","Somewhat negative impact","factor","Somewhat.negative.impact"
"impact_of_google","No impact","factor","No.impact"
"impact_of_google","Very negative impact","factor","Very.negative.impact"
"impact_of_google","Don't Know","factor","Don.t.Know"
"impact_of_apple",NA,"factor","NA."
"impact_of_apple","Somewhat positive impact","factor","Somewhat.positive.impact"
"impact_of_apple","Somewhat negative impact","factor","Somewhat.negative.impact"
"impact_of_apple","Very positive impact","factor","Very.positive.impact"
"impact_of_apple","No impact","factor","No.impact"
"impact_of_apple","Very negative impact","factor","Very.negative.impact"
"impact_of_apple","Don't Know","factor","Don.t.Know"
"impact_of_amazon_com",NA,"factor","NA."
"impact_of_amazon_com","Very positive impact","factor","Very.positive.impact"
"impact_of_amazon_com","Somewhat positive impact","factor","Somewhat.positive.impact"
"impact_of_amazon_com","Somewhat negative impact","factor","Somewhat.negative.impact"
"impact_of_amazon_com","No impact","factor","No.impact"
"impact_of_amazon_com","Don't Know","factor","Don.t.Know"
"impact_of_amazon_com","Very negative impact","factor","Very.negative.impact"
"impact_of_mcdonald_s",NA,"factor","NA."
"impact_of_mcdonald_s","Very positive impact","factor","Very.positive.impact"
"impact_of_mcdonald_s","Somewhat negative impact","factor","Somewhat.negative.impact"
"impact_of_mcdonald_s","Somewhat positive impact","factor","Somewhat.positive.impact"
"impact_of_mcdonald_s","No impact","factor","No.impact"
"impact_of_mcdonald_s","Don't Know","factor","Don.t.Know"
"impact_of_mcdonald_s","Very negative impact","factor","Very.negative.impact"
"impact_of_general_electric",NA,"factor","NA."
"impact_of_general_electric","Somewhat positive impact","factor","Somewhat.positive.impact"
"impact_of_general_electric","Don't Know","factor","Don.t.Know"
"impact_of_general_electric","Very positive impact","factor","Very.positive.impact"
"impact_of_general_electric","No impact","factor","No.impact"
"impact_of_general_electric","Somewhat negative impact","factor","Somewhat.negative.impact"
"impact_of_general_electric","Very negative impact","factor","Very.negative.impact"
"impact_of_bank_of_america",NA,"factor","NA."
"impact_of_bank_of_america","Very positive impact","factor","Very.positive.impact"
"impact_of_bank_of_america","Somewhat positive impact","factor","Somewhat.positive.impact"
"impact_of_bank_of_america","Don't Know","factor","Don.t.Know"
"impact_of_bank_of_america","No impact","factor","No.impact"
"impact_of_bank_of_america","Very negative impact","factor","Very.negative.impact"
"impact_of_bank_of_america","Somewhat negative impact","factor","Somewhat.negative.impact"
"impact_of_walmart",NA,"factor","NA."
"impact_of_walmart","Somewhat positive impact","factor","Somewhat.positive.impact"
"impact_of_walmart","Very positive impact","factor","Very.positive.impact"
"impact_of_walmart","Somewhat negative impact","factor","Somewhat.negative.impact"
"impact_of_walmart","Very negative impact","factor","Very.negative.impact"
"impact_of_walmart","No impact","factor","No.impact"
"impact_of_walmart","Don't Know","factor","Don.t.Know"
"impact_of_bill__melinda_gates_foundation",NA,"factor","NA."
"impact_of_bill__melinda_gates_foundation","Very positive impact","factor","Very.positive.impact"
"impact_of_bill__melinda_gates_foundation","Don't Know","factor","Don.t.Know"
"impact_of_bill__melinda_gates_foundation","Somewhat positive impact","factor","Somewhat.positive.impact"
"impact_of_bill__melinda_gates_foundation","No impact","factor","No.impact"
"impact_of_bill__melinda_gates_foundation","Somewhat negative impact","factor","Somewhat.negative.impact"
"impact_of_bill__melinda_gates_foundation","Very negative impact","factor","Very.negative.impact"
"impact_of_ford_foundation","Somewhat negative impact","factor","Somewhat.negative.impact"
"impact_of_ford_foundation",NA,"factor","NA."
"impact_of_ford_foundation","Don't Know","factor","Don.t.Know"
"impact_of_ford_foundation","Somewhat positive impact","factor","Somewhat.positive.impact"
"impact_of_ford_foundation","Very positive impact","factor","Very.positive.impact"
"impact_of_ford_foundation","No impact","factor","No.impact"
"impact_of_ford_foundation","Very negative impact","factor","Very.negative.impact"
"impact_of_bloomberg_philanthropies","Somewhat negative impact","factor","Somewhat.negative.impact"
"impact_of_bloomberg_philanthropies","Don't Know","factor","Don.t.Know"
"impact_of_bloomberg_philanthropies",NA,"factor","NA."
"impact_of_bloomberg_philanthropies","Somewhat positive impact","factor","Somewhat.positive.impact"
"impact_of_bloomberg_philanthropies","Very positive impact","factor","Very.positive.impact"
"impact_of_bloomberg_philanthropies","Very negative impact","factor","Very.negative.impact"
"impact_of_bloomberg_philanthropies","No impact","factor","No.impact"
"impact_of_silicon_valley_community_foundation","Somewhat negative impact","factor","Somewhat.negative.impact"
"impact_of_silicon_valley_community_foundation","Don't Know","factor","Don.t.Know"
"impact_of_silicon_valley_community_foundation",NA,"factor","NA."
"impact_of_silicon_valley_community_foundation","Somewhat positive impact","factor","Somewhat.positive.impact"
"impact_of_silicon_valley_community_foundation","Very positive impact","factor","Very.positive.impact"
"impact_of_silicon_valley_community_foundation","No impact","factor","No.impact"
"impact_of_clinton_foundation","Somewhat negative impact","factor","Somewhat.negative.impact"
"impact_of_clinton_foundation","Very negative impact","factor","Very.negative.impact"
"impact_of_clinton_foundation",NA,"factor","NA."
"impact_of_clinton_foundation","Somewhat positive impact","factor","Somewhat.positive.impact"
"impact_of_clinton_foundation","Don't Know","factor","Don.t.Know"
"impact_of_clinton_foundation","Very positive impact","factor","Very.positive.impact"
"impact_of_clinton_foundation","No impact","factor","No.impact"
"impact_of_open_society_foundations","Somewhat negative impact","factor","Somewhat.negative.impact"
"impact_of_open_society_foundations","Don't Know","factor","Don.t.Know"
"impact_of_open_society_foundations",NA,"factor","NA."
"impact_of_open_society_foundations","No impact","factor","No.impact"
"impact_of_open_society_foundations","Very positive impact","factor","Very.positive.impact"
"impact_of_open_society_foundations","Somewhat positive impact","factor","Somewhat.positive.impact"
"impact_of_emerson_collective","Somewhat negative impact","factor","Somewhat.negative.impact"
"impact_of_emerson_collective","Don't Know","factor","Don.t.Know"
"impact_of_emerson_collective",NA,"factor","NA."
"impact_of_emerson_collective","Very positive impact","factor","Very.positive.impact"
"impact_of_emerson_collective","Somewhat positive impact","factor","Somewhat.positive.impact"
"impact_of_emerson_collective","No impact","factor","No.impact"
"impact_of_new_york_times","Somewhat positive impact","factor","Somewhat.positive.impact"
"impact_of_new_york_times",NA,"factor","NA."
"impact_of_new_york_times","Don't Know","factor","Don.t.Know"
"impact_of_new_york_times","Somewhat negative impact","factor","Somewhat.negative.impact"
"impact_of_new_york_times","Very positive impact","factor","Very.positive.impact"
"impact_of_new_york_times","No impact","factor","No.impact"
"impact_of_new_york_times","Very negative impact","factor","Very.negative.impact"
"impact_of_washington_post","Somewhat positive impact","factor","Somewhat.positive.impact"
"impact_of_washington_post","Don't Know","factor","Don.t.Know"
"impact_of_washington_post",NA,"factor","NA."
"impact_of_washington_post","Somewhat negative impact","factor","Somewhat.negative.impact"
"impact_of_washington_post","Very positive impact","factor","Very.positive.impact"
"impact_of_washington_post","Very negative impact","factor","Very.negative.impact"
"impact_of_washington_post","No impact","factor","No.impact"
"impact_of_fox_news","Very negative impact","factor","Very.negative.impact"
"impact_of_fox_news","Don't Know","factor","Don.t.Know"
"impact_of_fox_news",NA,"factor","NA."
"impact_of_fox_news","No impact","factor","No.impact"
"impact_of_fox_news","Somewhat positive impact","factor","Somewhat.positive.impact"
"impact_of_fox_news","Very positive impact","factor","Very.positive.impact"
"impact_of_fox_news","Somewhat negative impact","factor","Somewhat.negative.impact"
"impact_of_rockefeller_foundation","Somewhat negative impact","factor","Somewhat.negative.impact"
"impact_of_rockefeller_foundation","Don't Know","factor","Don.t.Know"
"impact_of_rockefeller_foundation",NA,"factor","NA."
"impact_of_rockefeller_foundation","Very positive impact","factor","Very.positive.impact"
"impact_of_rockefeller_foundation","Somewhat positive impact","factor","Somewhat.positive.impact"
"impact_of_rockefeller_foundation","No impact","factor","No.impact"
"charitability_of_mark_zuckerberg","NOT charitable and philanthropic","factor","NOT.charitable.and.philanthropic"
"charitability_of_mark_zuckerberg","Charitable and philanthropic","factor","Charitable.and.philanthropic"
"charitability_of_mark_zuckerberg","Unfamiliar/Don’t know","factor","Unfamiliar.Don.t.know"
"charitability_of_priscilla_chan","NOT charitable and philanthropic","factor","NOT.charitable.and.philanthropic"
"charitability_of_priscilla_chan","Unfamiliar/Don’t know","factor","Unfamiliar.Don.t.know"
"charitability_of_priscilla_chan","Charitable and philanthropic","factor","Charitable.and.philanthropic"
"charitability_of_bill_gates","Charitable and philanthropic","factor","Charitable.and.philanthropic"
"charitability_of_bill_gates","NOT charitable and philanthropic","factor","NOT.charitable.and.philanthropic"
"charitability_of_bill_gates","Unfamiliar/Don’t know","factor","Unfamiliar.Don.t.know"
"charitability_of_warren_buffett","Charitable and philanthropic","factor","Charitable.and.philanthropic"
"charitability_of_warren_buffett","NOT charitable and philanthropic","factor","NOT.charitable.and.philanthropic"
"charitability_of_warren_buffett","Unfamiliar/Don’t know","factor","Unfamiliar.Don.t.know"
"charitability_of_elon_musk","NOT charitable and philanthropic","factor","NOT.charitable.and.philanthropic"
"charitability_of_elon_musk","Unfamiliar/Don’t know","factor","Unfamiliar.Don.t.know"
"charitability_of_elon_musk","Charitable and philanthropic","factor","Charitable.and.philanthropic"
"charitability_of_jeff_bezos","NOT charitable and philanthropic","factor","NOT.charitable.and.philanthropic"
"charitability_of_jeff_bezos","Charitable and philanthropic","factor","Charitable.and.philanthropic"
"charitability_of_jeff_bezos","Unfamiliar/Don’t know","factor","Unfamiliar.Don.t.know"
"charitability_of_george_soros","NOT charitable and philanthropic","factor","NOT.charitable.and.philanthropic"
"charitability_of_george_soros","Charitable and philanthropic","factor","Charitable.and.philanthropic"
"charitability_of_george_soros","Unfamiliar/Don’t know","factor","Unfamiliar.Don.t.know"
"charitability_of_melinda_gates","Charitable and philanthropic","factor","Charitable.and.philanthropic"
"charitability_of_melinda_gates","NOT charitable and philanthropic","factor","NOT.charitable.and.philanthropic"
"charitability_of_melinda_gates","Unfamiliar/Don’t know","factor","Unfamiliar.Don.t.know"
"charitability_of_michael_bloomberg","Charitable and philanthropic","factor","Charitable.and.philanthropic"
"charitability_of_michael_bloomberg","Unfamiliar/Don’t know","factor","Unfamiliar.Don.t.know"
"charitability_of_michael_bloomberg","NOT charitable and philanthropic","factor","NOT.charitable.and.philanthropic"
"charitability_of_charles__david_koch","NOT charitable and philanthropic","factor","NOT.charitable.and.philanthropic"
"charitability_of_charles__david_koch","Unfamiliar/Don’t know","factor","Unfamiliar.Don.t.know"
"charitability_of_charles__david_koch","Charitable and philanthropic","factor","Charitable.and.philanthropic"
"effect_of_tech_changes","More anxious and concerned about the future","factor","More.anxious.and.concerned.about.the.future"
"effect_of_tech_changes","More hopeful and optimistic about the future","factor","More.hopeful.and.optimistic.about.the.future"
"tech_as_a_cause_or_solution_to_problems","Technology will solve the most urgent problems we face as a society","factor","Technology.will.solve.the.most.urgent.problems.we.face.as.a.society"
"tech_as_a_cause_or_solution_to_problems","Technology will create more problems than it solves for society","factor","Technology.will.create.more.problems.than.it.solves.for.society"
"tech_as_a_driver_or_destroyer_of_jobs","Technology will make Americans more productive, increasing the standard of living for most Americans.","factor","Technology.will.make.Americans.more.productive..increasing.the.standard.of.living.for.most.Americans."
"tech_as_a_driver_or_destroyer_of_jobs","Technology will cause more jobs to be lost to artificial intelligence or robots reducing the standard of living for most","factor","Technology.will.cause.more.jobs.to.be.lost.to.artificial.intelligence.or.robots.reducing.the.standard.of.living.for.most"
"rate_of_techological_change","Technology companies are pushing change because there are so many things technology can do and they want to make things","factor","Technology.companies.are.pushing.change.because.there.are.so.many.things.technology.can.do.and.they.want.to.make.things"
"rate_of_techological_change","Technology companies are pushing change too fast just for their own benefit and they're not worried about the effect on","factor","Technology.companies.are.pushing.change.too.fast.just.for.their.own.benefit.and.they.re.not.worried.about.the.effect.on"
"tech_connects_or_destroys_community","Technology helps build community by connecting people to others with similar interests and values throughout the world.","factor","Technology.helps.build.community.by.connecting.people.to.others.with.similar.interests.and.values.throughout.the.world."
"tech_connects_or_destroys_community","Technology undermines community by pulling people away from the personal connections and relationships that are most mea","factor","Technology.undermines.community.by.pulling.people.away.from.the.personal.connections.and.relationships.that.are.most.mea"
"social_media_s_effect_on_polarization",NA,"factor","NA."
"social_media_s_effect_on_polarization","Good for communities because it allows people to connect to others directly all over the world.","factor","Good.for.communities.because.it.allows.people.to.connect.to.others.directly.all.over.the.world."
"social_media_s_effect_on_polarization","Bad for communities because people only hear from people who agree with them.","factor","Bad.for.communities.because.people.only.hear.from.people.who.agree.with.them."
"social_media_s_effect_on_relationships","Good for communities because it allows people to connect to others directly all over the world.","factor","Good.for.communities.because.it.allows.people.to.connect.to.others.directly.all.over.the.world."
"social_media_s_effect_on_relationships","Bad for communities because it pulls people away from more genuine in-person contact.","factor","Bad.for.communities.because.it.pulls.people.away.from.more.genuine.in.person.contact."
"social_media_s_effect_on_relationships",NA,"factor","NA."
"impact_of_religious_institutions","Small difference","factor","Small.difference"
"impact_of_religious_institutions","Some difference","factor","Some.difference"
"impact_of_religious_institutions","No difference at all","factor","No.difference.at.all"
"impact_of_religious_institutions","A big difference","factor","A.big.difference"
"impact_of_political_leaders",NA,"factor","NA."
"impact_of_political_leaders","Some difference","factor","Some.difference"
"impact_of_political_leaders","A big difference","factor","A.big.difference"
"impact_of_political_leaders","No difference at all","factor","No.difference.at.all"
"impact_of_political_leaders","Small difference","factor","Small.difference"
"impact_of_philanthropy",NA,"factor","NA."
"impact_of_philanthropy","No difference at all","factor","No.difference.at.all"
"impact_of_philanthropy","Small difference","factor","Small.difference"
"impact_of_philanthropy","Some difference","factor","Some.difference"
"impact_of_philanthropy","A big difference","factor","A.big.difference"
"impact_of_government","Small difference","factor","Small.difference"
"impact_of_government",NA,"factor","NA."
"impact_of_government","A big difference","factor","A.big.difference"
"impact_of_government","Some difference","factor","Some.difference"
"impact_of_government","No difference at all","factor","No.difference.at.all"
"impact_of_businesses",NA,"factor","NA."
"impact_of_businesses","Some difference","factor","Some.difference"
"impact_of_businesses","A big difference","factor","A.big.difference"
"impact_of_businesses","Small difference","factor","Small.difference"
"impact_of_businesses","No difference at all","factor","No.difference.at.all"
"impact_of_large_charities",NA,"factor","NA."
"impact_of_large_charities","Small difference","factor","Small.difference"
"impact_of_large_charities","Some difference","factor","Some.difference"
"impact_of_large_charities","A big difference","factor","A.big.difference"
"impact_of_large_charities","No difference at all","factor","No.difference.at.all"
"impact_of_small_charities","Small difference","factor","Small.difference"
"impact_of_small_charities","No difference at all","factor","No.difference.at.all"
"impact_of_small_charities",NA,"factor","NA."
"impact_of_small_charities","Some difference","factor","Some.difference"
"impact_of_small_charities","A big difference","factor","A.big.difference"
"trust_government_or_private_donors","Private charities, foundations or philanthropies","factor","Private.charities..foundations.or.philanthropies"
"trust_government_or_private_donors","Government","factor","Government"
"trust_business_or_private_donors","Private charities and foundations, or philanthropies","factor","Private.charities.and.foundations..or.philanthropies"
"trust_business_or_private_donors","Business","factor","Business"
"trust_business_or_government","Government","factor","Government"
"trust_business_or_government","Business","factor","Business"
"only_tech_can_solve_complex_problems","Somewhat agree","factor","Somewhat.agree"
"only_tech_can_solve_complex_problems","Strongly agree","factor","Strongly.agree"
"only_tech_can_solve_complex_problems","Somewhat disagree","factor","Somewhat.disagree"
"only_tech_can_solve_complex_problems",NA,"factor","NA."
"only_tech_can_solve_complex_problems","Strongly disagree","factor","Strongly.disagree"
"tech_can_solve_complex_problems",NA,"factor","NA."
"tech_can_solve_complex_problems","Somewhat disagree","factor","Somewhat.disagree"
"tech_can_solve_complex_problems","Somewhat agree","factor","Somewhat.agree"
"tech_can_solve_complex_problems","Strongly agree","factor","Strongly.agree"
"tech_can_solve_complex_problems","Strongly disagree","factor","Strongly.disagree"
"society_can_solve_problems",NA,"factor","NA."
"society_can_solve_problems","Somewhat agree","factor","Somewhat.agree"
"society_can_solve_problems","Somewhat disagree","factor","Somewhat.disagree"
"society_can_solve_problems","Strongly agree","factor","Strongly.agree"
"society_can_solve_problems","Strongly disagree","factor","Strongly.disagree"
"exp_ing_internet_will_help_society","Somewhat disagree","factor","Somewhat.disagree"
"exp_ing_internet_will_help_society","Somewhat agree","factor","Somewhat.agree"
"exp_ing_internet_will_help_society","Strongly agree","factor","Strongly.agree"
"exp_ing_internet_will_help_society",NA,"factor","NA."
"exp_ing_internet_will_help_society","Strongly disagree","factor","Strongly.disagree"
"social_media_will_strengthen_democracy",NA,"factor","NA."
"social_media_will_strengthen_democracy","Somewhat agree","factor","Somewhat.agree"
"social_media_will_strengthen_democracy","Strongly agree","factor","Strongly.agree"
"social_media_will_strengthen_democracy","Somewhat disagree","factor","Somewhat.disagree"
"social_media_will_strengthen_democracy","Strongly disagree","factor","Strongly.disagree"
"humans_need_tech_to_reach_full_potential",NA,"factor","NA."
"humans_need_tech_to_reach_full_potential","Strongly agree","factor","Strongly.agree"
"humans_need_tech_to_reach_full_potential","Somewhat disagree","factor","Somewhat.disagree"
"humans_need_tech_to_reach_full_potential","Somewhat agree","factor","Somewhat.agree"
"humans_need_tech_to_reach_full_potential","Strongly disagree","factor","Strongly.disagree"
"tech_creates_more_fairness","Somewhat disagree","factor","Somewhat.disagree"
"tech_creates_more_fairness","Somewhat agree","factor","Somewhat.agree"
"tech_creates_more_fairness","Strongly agree","factor","Strongly.agree"
"tech_creates_more_fairness",NA,"factor","NA."
"tech_creates_more_fairness","Strongly disagree","factor","Strongly.disagree"
"tech_makes_more_unfairness",NA,"factor","NA."
"tech_makes_more_unfairness","Somewhat agree","factor","Somewhat.agree"
"tech_makes_more_unfairness","Somewhat disagree","factor","Somewhat.disagree"
"tech_makes_more_unfairness","Strongly agree","factor","Strongly.agree"
"tech_makes_more_unfairness","Strongly disagree","factor","Strongly.disagree"
"private_donors_can_solve_problems_because_they_don_t_have_bureaucracy",NA,"factor","NA."
"private_donors_can_solve_problems_because_they_don_t_have_bureaucracy","Somewhat agree","factor","Somewhat.agree"
"private_donors_can_solve_problems_because_they_don_t_have_bureaucracy","Somewhat disagree","factor","Somewhat.disagree"
"private_donors_can_solve_problems_because_they_don_t_have_bureaucracy","Strongly agree","factor","Strongly.agree"
"private_donors_can_solve_problems_because_they_don_t_have_bureaucracy","Strongly disagree","factor","Strongly.disagree"
"private_donors_can_solve_problems_because_they_can_experiment","Somewhat disagree","factor","Somewhat.disagree"
"private_donors_can_solve_problems_because_they_can_experiment","Somewhat agree","factor","Somewhat.agree"
"private_donors_can_solve_problems_because_they_can_experiment",NA,"factor","NA."
"private_donors_can_solve_problems_because_they_can_experiment","Strongly agree","factor","Strongly.agree"
"private_donors_can_solve_problems_because_they_can_experiment","Strongly disagree","factor","Strongly.disagree"
"private_donors_can_solve_problems_because_they_are_passionate",NA,"factor","NA."
"private_donors_can_solve_problems_because_they_are_passionate","Strongly agree","factor","Strongly.agree"
"private_donors_can_solve_problems_because_they_are_passionate","Somewhat agree","factor","Somewhat.agree"
"private_donors_can_solve_problems_because_they_are_passionate","Somewhat disagree","factor","Somewhat.disagree"
"private_donors_can_solve_problems_because_they_are_passionate","Strongly disagree","factor","Strongly.disagree"
"trust_tech_billionaires_to_help_grow_the_economy",NA,"factor","NA."
"trust_tech_billionaires_to_help_grow_the_economy","Somewhat disagree","factor","Somewhat.disagree"
"trust_tech_billionaires_to_help_grow_the_economy","Somewhat agree","factor","Somewhat.agree"
"trust_tech_billionaires_to_help_grow_the_economy","Strongly agree","factor","Strongly.agree"
"trust_tech_billionaires_to_help_grow_the_economy","Strongly disagree","factor","Strongly.disagree"
"trust_tech_billionaires_to_help_the_less_fortunate","Somewhat disagree","factor","Somewhat.disagree"
"trust_tech_billionaires_to_help_the_less_fortunate","Somewhat agree","factor","Somewhat.agree"
"trust_tech_billionaires_to_help_the_less_fortunate",NA,"factor","NA."
"trust_tech_billionaires_to_help_the_less_fortunate","Strongly agree","factor","Strongly.agree"
"trust_tech_billionaires_to_help_the_less_fortunate","Strongly disagree","factor","Strongly.disagree"
"trust_tech_billionaires_to_help_solve_the_biggest_problems",NA,"factor","NA."
"trust_tech_billionaires_to_help_solve_the_biggest_problems","Somewhat disagree","factor","Somewhat.disagree"
"trust_tech_billionaires_to_help_solve_the_biggest_problems","Somewhat agree","factor","Somewhat.agree"
"trust_tech_billionaires_to_help_solve_the_biggest_problems","Strongly agree","factor","Strongly.agree"
"trust_tech_billionaires_to_help_solve_the_biggest_problems","Strongly disagree","factor","Strongly.disagree"
"trust_tech_billionaires_to_help_improve_education",NA,"factor","NA."
"trust_tech_billionaires_to_help_improve_education","Strongly disagree","factor","Strongly.disagree"
"trust_tech_billionaires_to_help_improve_education","Somewhat agree","factor","Somewhat.agree"
"trust_tech_billionaires_to_help_improve_education","Strongly agree","factor","Strongly.agree"
"trust_tech_billionaires_to_help_improve_education","Somewhat disagree","factor","Somewhat.disagree"
"wealthy_people_shouldn_t_decide_for_others","Somewhat agree","factor","Somewhat.agree"
"wealthy_people_shouldn_t_decide_for_others","Strongly agree","factor","Strongly.agree"
"wealthy_people_shouldn_t_decide_for_others",NA,"factor","NA."
"wealthy_people_shouldn_t_decide_for_others","Somewhat disagree","factor","Somewhat.disagree"
"wealthy_people_shouldn_t_decide_for_others","Strongly disagree","factor","Strongly.disagree"
"wealthy_people_can_t_just_pay_to_solve_problems",NA,"factor","NA."
"wealthy_people_can_t_just_pay_to_solve_problems","Somewhat agree","factor","Somewhat.agree"
"wealthy_people_can_t_just_pay_to_solve_problems","Strongly agree","factor","Strongly.agree"
"wealthy_people_can_t_just_pay_to_solve_problems","Somewhat disagree","factor","Somewhat.disagree"
"wealthy_people_can_t_just_pay_to_solve_problems","Strongly disagree","factor","Strongly.disagree"
"tech_opens_up_new_solutions_to_problems",NA,"factor","NA."
"tech_opens_up_new_solutions_to_problems","Somewhat disagree","factor","Somewhat.disagree"
"tech_opens_up_new_solutions_to_problems","Somewhat agree","factor","Somewhat.agree"
"tech_opens_up_new_solutions_to_problems","Strongly agree","factor","Strongly.agree"
"tech_opens_up_new_solutions_to_problems","Strongly disagree","factor","Strongly.disagree"
"billionaires_can_make_a_difference_or_not","Billionaire philanthropists can make a real difference by using their resources and expertise to solve the challenges mo","factor","Billionaire.philanthropists.can.make.a.real.difference.by.using.their.resources.and.expertise.to.solve.the.challenges.mo"
"billionaires_can_make_a_difference_or_not","Billionaire philanthropists can't really help ordinary people because they don't understand the challenges most American","factor","Billionaire.philanthropists.can.t.really.help.ordinary.people.because.they.don.t.understand.the.challenges.most.American"
"protect_the_rights_of_lgbtq_people_issue","Non-profit organizations","factor","Non.profit.organizations"
"protect_the_rights_of_lgbtq_people_issue","State and/or local government","factor","State.and.or.local.government"
"protect_the_rights_of_lgbtq_people_issue","Community advocacy groups","factor","Community.advocacy.groups"
"protect_the_rights_of_lgbtq_people_issue","Federal government","factor","Federal.government"
"protect_the_rights_of_lgbtq_people_issue","Business","factor","Business"
"protect_the_rights_of_lgbtq_people_issue","Private foundations and philanthropies","factor","Private.foundations.and.philanthropies"
"protect_the_rights_of_lgbtq_people_issue","Small charities","factor","Small.charities"
"protect_the_rights_of_lgbtq_people_issue","Large charities","factor","Large.charities"
"protect_the_rights_of_lgbtq_people_issue","Religious institutions","factor","Religious.institutions"
"protect_the_rights_of_lgbtq_people_issue","Educational institutions","factor","Educational.institutions"
"invest_in_critical_science_research_issue","Non-profit organizations","factor","Non.profit.organizations"
"invest_in_critical_science_research_issue","Small charities","factor","Small.charities"
"invest_in_critical_science_research_issue","State and/or local government","factor","State.and.or.local.government"
"invest_in_critical_science_research_issue","Federal government","factor","Federal.government"
"invest_in_critical_science_research_issue","Business","factor","Business"
"invest_in_critical_science_research_issue","Private foundations and philanthropies","factor","Private.foundations.and.philanthropies"
"invest_in_critical_science_research_issue","Educational institutions","factor","Educational.institutions"
"invest_in_critical_science_research_issue","Community advocacy groups","factor","Community.advocacy.groups"
"invest_in_critical_science_research_issue","Large charities","factor","Large.charities"
"invest_in_critical_science_research_issue","Religious institutions","factor","Religious.institutions"
"end_racial_disparity_in_justice_system_issue","Non-profit organizations","factor","Non.profit.organizations"
"end_racial_disparity_in_justice_system_issue","Business","factor","Business"
"end_racial_disparity_in_justice_system_issue","Community advocacy groups","factor","Community.advocacy.groups"
"end_racial_disparity_in_justice_system_issue","Federal government","factor","Federal.government"
"end_racial_disparity_in_justice_system_issue","State and/or local government","factor","State.and.or.local.government"
"end_racial_disparity_in_justice_system_issue","Private foundations and philanthropies","factor","Private.foundations.and.philanthropies"
"end_racial_disparity_in_justice_system_issue","Religious institutions","factor","Religious.institutions"
"end_racial_disparity_in_justice_system_issue","Educational institutions","factor","Educational.institutions"
"end_racial_disparity_in_justice_system_issue","Large charities","factor","Large.charities"
"update_schools_to_teach_modern_skills_issue","Non-profit organizations","factor","Non.profit.organizations"
"update_schools_to_teach_modern_skills_issue","Large charities","factor","Large.charities"
"update_schools_to_teach_modern_skills_issue","Community advocacy groups","factor","Community.advocacy.groups"
"update_schools_to_teach_modern_skills_issue","State and/or local government","factor","State.and.or.local.government"
"update_schools_to_teach_modern_skills_issue","Federal government","factor","Federal.government"
"update_schools_to_teach_modern_skills_issue","Educational institutions","factor","Educational.institutions"
"update_schools_to_teach_modern_skills_issue","Private foundations and philanthropies","factor","Private.foundations.and.philanthropies"
"update_schools_to_teach_modern_skills_issue","Business","factor","Business"
"update_schools_to_teach_modern_skills_issue","Small charities","factor","Small.charities"
"update_schools_to_teach_modern_skills_issue","Religious institutions","factor","Religious.institutions"
"invest_in_medical_research_to_prevent_disease_issue","Non-profit organizations","factor","Non.profit.organizations"
"invest_in_medical_research_to_prevent_disease_issue","Educational institutions","factor","Educational.institutions"
"invest_in_medical_research_to_prevent_disease_issue","Federal government","factor","Federal.government"
"invest_in_medical_research_to_prevent_disease_issue","Business","factor","Business"
"invest_in_medical_research_to_prevent_disease_issue","Private foundations and philanthropies","factor","Private.foundations.and.philanthropies"
"invest_in_medical_research_to_prevent_disease_issue","Large charities","factor","Large.charities"
"invest_in_medical_research_to_prevent_disease_issue","State and/or local government","factor","State.and.or.local.government"
"invest_in_medical_research_to_prevent_disease_issue","Religious institutions","factor","Religious.institutions"
"invest_in_medical_research_to_prevent_disease_issue","Community advocacy groups","factor","Community.advocacy.groups"
"invest_in_medical_research_to_prevent_disease_issue","Small charities","factor","Small.charities"
"integrate_tech_in_schools_issue","State and/or local government","factor","State.and.or.local.government"
"integrate_tech_in_schools_issue","Non-profit organizations","factor","Non.profit.organizations"
"integrate_tech_in_schools_issue","Community advocacy groups","factor","Community.advocacy.groups"
"integrate_tech_in_schools_issue","Federal government","factor","Federal.government"
"integrate_tech_in_schools_issue","Educational institutions","factor","Educational.institutions"
"integrate_tech_in_schools_issue","Business","factor","Business"
"integrate_tech_in_schools_issue","Private foundations and philanthropies","factor","Private.foundations.and.philanthropies"
"integrate_tech_in_schools_issue","Religious institutions","factor","Religious.institutions"
"integrate_tech_in_schools_issue","Small charities","factor","Small.charities"
"combat_climate_change_issue","Non-profit organizations","factor","Non.profit.organizations"
"combat_climate_change_issue","Business","factor","Business"
"combat_climate_change_issue","Educational institutions","factor","Educational.institutions"
"combat_climate_change_issue","State and/or local government","factor","State.and.or.local.government"
"combat_climate_change_issue","Federal government","factor","Federal.government"
"combat_climate_change_issue","Private foundations and philanthropies","factor","Private.foundations.and.philanthropies"
"combat_climate_change_issue","Community advocacy groups","factor","Community.advocacy.groups"
"combat_climate_change_issue","Small charities","factor","Small.charities"
"combat_climate_change_issue","Religious institutions","factor","Religious.institutions"
"eliminate_homelessness_issue","Non-profit organizations","factor","Non.profit.organizations"
"eliminate_homelessness_issue","Small charities","factor","Small.charities"
"eliminate_homelessness_issue","Business","factor","Business"
"eliminate_homelessness_issue","State and/or local government","factor","State.and.or.local.government"
"eliminate_homelessness_issue","Federal government","factor","Federal.government"
"eliminate_homelessness_issue","Community advocacy groups","factor","Community.advocacy.groups"
"eliminate_homelessness_issue","Educational institutions","factor","Educational.institutions"
"eliminate_homelessness_issue","Private foundations and philanthropies","factor","Private.foundations.and.philanthropies"
"eliminate_homelessness_issue","Religious institutions","factor","Religious.institutions"
"eliminate_homelessness_issue","Large charities","factor","Large.charities"
"eliminate_hunger_issue","State and/or local government","factor","State.and.or.local.government"
"eliminate_hunger_issue","Religious institutions","factor","Religious.institutions"
"eliminate_hunger_issue","Business","factor","Business"
"eliminate_hunger_issue","Federal government","factor","Federal.government"
"eliminate_hunger_issue","Non-profit organizations","factor","Non.profit.organizations"
"eliminate_hunger_issue","Community advocacy groups","factor","Community.advocacy.groups"
"eliminate_hunger_issue","Private foundations and philanthropies","factor","Private.foundations.and.philanthropies"
"eliminate_hunger_issue","Educational institutions","factor","Educational.institutions"
"eliminate_hunger_issue","Small charities","factor","Small.charities"
"eliminate_hunger_issue","Large charities","factor","Large.charities"
"protect_the_rights_of_lgbtq_people_focus","Somewhat important","factor","Somewhat.important"
"protect_the_rights_of_lgbtq_people_focus","Not very important","factor","Not.very.important"
"protect_the_rights_of_lgbtq_people_focus","Very important","factor","Very.important"
"protect_the_rights_of_lgbtq_people_focus","Somewhat unimportant","factor","Somewhat.unimportant"
"invest_in_critical_science_research_focus","Somewhat important","factor","Somewhat.important"
"invest_in_critical_science_research_focus","Not very important","factor","Not.very.important"
"invest_in_critical_science_research_focus","Very important","factor","Very.important"
"invest_in_critical_science_research_focus","Somewhat unimportant","factor","Somewhat.unimportant"
"end_racial_disparity_in_justice_system_focus","Somewhat important","factor","Somewhat.important"
"end_racial_disparity_in_justice_system_focus","Somewhat unimportant","factor","Somewhat.unimportant"
"end_racial_disparity_in_justice_system_focus","Very important","factor","Very.important"
"end_racial_disparity_in_justice_system_focus","Not very important","factor","Not.very.important"
"update_schools_to_teach_modern_skills_focus","Somewhat important","factor","Somewhat.important"
"update_schools_to_teach_modern_skills_focus","Very important","factor","Very.important"
"update_schools_to_teach_modern_skills_focus","Somewhat unimportant","factor","Somewhat.unimportant"
"update_schools_to_teach_modern_skills_focus","Not very important","factor","Not.very.important"
"invest_in_medical_research_to_prevent_disease_focus","Somewhat important","factor","Somewhat.important"
"invest_in_medical_research_to_prevent_disease_focus","Somewhat unimportant","factor","Somewhat.unimportant"
"invest_in_medical_research_to_prevent_disease_focus","Very important","factor","Very.important"
"invest_in_medical_research_to_prevent_disease_focus","Not very important","factor","Not.very.important"
"integrate_tech_in_schools_focus","Somewhat important","factor","Somewhat.important"
"integrate_tech_in_schools_focus","Not very important","factor","Not.very.important"
"integrate_tech_in_schools_focus","Very important","factor","Very.important"
"integrate_tech_in_schools_focus","Somewhat unimportant","factor","Somewhat.unimportant"
"combat_climate_change_focus","Somewhat important","factor","Somewhat.important"
"combat_climate_change_focus","Very important","factor","Very.important"
"combat_climate_change_focus","Somewhat unimportant","factor","Somewhat.unimportant"
"combat_climate_change_focus","Not very important","factor","Not.very.important"
"eliminate_homelessness_focus","Somewhat important","factor","Somewhat.important"
"eliminate_homelessness_focus","Very important","factor","Very.important"
"eliminate_homelessness_focus","Not very important","factor","Not.very.important"
"eliminate_homelessness_focus","Somewhat unimportant","factor","Somewhat.unimportant"
"eliminate_hunger_focus","Somewhat important","factor","Somewhat.important"
"eliminate_hunger_focus","Very important","factor","Very.important"
"eliminate_hunger_focus","Somewhat unimportant","factor","Somewhat.unimportant"
"eliminate_hunger_focus","Not very important","factor","Not.very.important"
"familiarty_with_czi","Somewhat unfamiliar","factor","Somewhat.unfamiliar"
"familiarty_with_czi","Never heard of it","factor","Never.heard.of.it"
"familiarty_with_czi","Somewhat familiar","factor","Somewhat.familiar"
"familiarty_with_czi","Very familiar","factor","Very.familiar"
"favorability_of_czi_mission","Somewhat unfavorable","factor","Somewhat.unfavorable"
"favorability_of_czi_mission","Somewhat favorable","factor","Somewhat.favorable"
"favorability_of_czi_mission","Very favorable","factor","Very.favorable"
"favorability_of_czi_mission","Very unfavorable","factor","Very.unfavorable"
"favorability_of_czi_with_founder_bios","Somewhat unfavorable","factor","Somewhat.unfavorable"
"favorability_of_czi_with_founder_bios","Somewhat favorable","factor","Somewhat.favorable"
"favorability_of_czi_with_founder_bios","Very favorable","factor","Very.favorable"
"favorability_of_czi_with_founder_bios","Very unfavorable","factor","Very.unfavorable"
"favorability_of_mark_with_founder_bios","Somewhat unfavorable","factor","Somewhat.unfavorable"
"favorability_of_mark_with_founder_bios","Somewhat favorable","factor","Somewhat.favorable"
"favorability_of_mark_with_founder_bios","Very favorable","factor","Very.favorable"
"favorability_of_mark_with_founder_bios","Very unfavorable","factor","Very.unfavorable"
"favorability_of_priscilla_with_founder_bios","Somewhat unfavorable","factor","Somewhat.unfavorable"
"favorability_of_priscilla_with_founder_bios","Somewhat favorable","factor","Somewhat.favorable"
"favorability_of_priscilla_with_founder_bios","Very favorable","factor","Very.favorable"
"favorability_of_priscilla_with_founder_bios","Very unfavorable","factor","Very.unfavorable"
"relationship_of_fb__czi","The Chan Zuckerberg Initiative and Facebook were started by the same people and remain closely linked","factor","The.Chan.Zuckerberg.Initiative.and.Facebook.were.started.by.the.same.people.and.remain.closely.linked"
"relationship_of_fb__czi","The Chan Zuckerberg Initiative has nothing to do with Facebook","factor","The.Chan.Zuckerberg.Initiative.has.nothing.to.do.with.Facebook"
"relationship_of_fb__czi","The Chan Zuckerberg Initiative is the internal philanthropic arm of Facebook","factor","The.Chan.Zuckerberg.Initiative.is.the.internal.philanthropic.arm.of.Facebook"
"relationship_of_fb__czi","The Chan Zuckerberg Initiative and Facebook were started by some of the same people but the two organizations are run in","factor","The.Chan.Zuckerberg.Initiative.and.Facebook.were.started.by.some.of.the.same.people.but.the.two.organizations.are.run.in"
"czi_is_self_interested_or_generous","The Chan Zuckerberg Initiative is an example of Mark Zuckerberg looking to use his expertise and wealth to make the worl","factor","The.Chan.Zuckerberg.Initiative.is.an.example.of.Mark.Zuckerberg.looking.to.use.his.expertise.and.wealth.to.make.the.worl"
"czi_is_self_interested_or_generous","The Chan Zuckerberg Initiative is another example of a self-interested, PR operation designed to improve Mark Zuckerberg","factor","The.Chan.Zuckerberg.Initiative.is.another.example.of.a.self.interested..PR.operation.designed.to.improve.Mark.Zuckerberg"
"czi_political_leaning","Liberal","factor","Liberal"
"czi_political_leaning","Not political","factor","Not.political"
"czi_political_leaning","Moderate","factor","Moderate"
"czi_political_leaning","Conservative","factor","Conservative"
"favorability_of_czi_with_role_of_mark","Much more favorable to the Chan Zuckerberg Initiative","factor","Much.more.favorable.to.the.Chan.Zuckerberg.Initiative"
"favorability_of_czi_with_role_of_mark","Somewhat less favorable","factor","Somewhat.less.favorable"
"favorability_of_czi_with_role_of_mark","Somewhat more favorable","factor","Somewhat.more.favorable"
"favorability_of_czi_with_role_of_mark","Does not affect your view either way","factor","Does.not.affect.your.view.either.way"
"favorability_of_czi_with_role_of_mark","Much less favorable to the Chan Zuckerberg Initiative","factor","Much.less.favorable.to.the.Chan.Zuckerberg.Initiative"
"confidence_in_priscilla_as_a_pediatrican","Somewhat less confident","factor","Somewhat.less.confident"
"confidence_in_priscilla_as_a_pediatrican","Much more confident","factor","Much.more.confident"
"confidence_in_priscilla_as_a_pediatrican","Somewhat more confident","factor","Somewhat.more.confident"
"confidence_in_priscilla_as_a_pediatrican","Much less confident","factor","Much.less.confident"
"confidence_in_priscilla_as_an_educator","Somewhat less confident","factor","Somewhat.less.confident"
"confidence_in_priscilla_as_an_educator","Much more confident","factor","Much.more.confident"
"confidence_in_priscilla_as_an_educator","Somewhat more confident","factor","Somewhat.more.confident"
"confidence_in_priscilla_as_an_educator","Much less confident","factor","Much.less.confident"
"confidence_in_priscilla_as_a_harvard__ucsf_grad","Somewhat less confident","factor","Somewhat.less.confident"
"confidence_in_priscilla_as_a_harvard__ucsf_grad","Somewhat more confident","factor","Somewhat.more.confident"
"confidence_in_priscilla_as_a_harvard__ucsf_grad","Much less confident","factor","Much.less.confident"
"confidence_in_priscilla_as_a_harvard__ucsf_grad","Much more confident","factor","Much.more.confident"
"confidence_in_priscilla_as_daugher_of_immigrants","Somewhat less confident","factor","Somewhat.less.confident"
"confidence_in_priscilla_as_daugher_of_immigrants","Much less confident","factor","Much.less.confident"
"confidence_in_priscilla_as_daugher_of_immigrants","Much more confident","factor","Much.more.confident"
"confidence_in_priscilla_as_daugher_of_immigrants","Somewhat more confident","factor","Somewhat.more.confident"
"confidence_in_priscilla_as_first_generation_college_educated","Somewhat less confident","factor","Somewhat.less.confident"
"confidence_in_priscilla_as_first_generation_college_educated","Much more confident","factor","Much.more.confident"
"confidence_in_priscilla_as_first_generation_college_educated","Somewhat more confident","factor","Somewhat.more.confident"
"confidence_in_priscilla_as_first_generation_college_educated","Much less confident","factor","Much.less.confident"
"confidence_in_priscilla_as_wife_of_mark","Somewhat less confident","factor","Somewhat.less.confident"
"confidence_in_priscilla_as_wife_of_mark","Somewhat more confident","factor","Somewhat.more.confident"
"confidence_in_priscilla_as_wife_of_mark","Much less confident","factor","Much.less.confident"
"confidence_in_priscilla_as_wife_of_mark","Much more confident","factor","Much.more.confident"
"confidence_in_priscilla_as_founder_of_startup_education","Somewhat less confident","factor","Somewhat.less.confident"
"confidence_in_priscilla_as_founder_of_startup_education","Somewhat more confident","factor","Somewhat.more.confident"
"confidence_in_priscilla_as_founder_of_startup_education","Much less confident","factor","Much.less.confident"
"confidence_in_priscilla_as_founder_of_startup_education","Much more confident","factor","Much.more.confident"
"confidence_in_priscilla_as_donor_of_75m_to_sf_hospital","Somewhat less confident","factor","Somewhat.less.confident"
"confidence_in_priscilla_as_donor_of_75m_to_sf_hospital","Somewhat more confident","factor","Somewhat.more.confident"
"confidence_in_priscilla_as_donor_of_75m_to_sf_hospital","Much less confident","factor","Much.less.confident"
"confidence_in_priscilla_as_donor_of_75m_to_sf_hospital","Much more confident","factor","Much.more.confident"
"importance_that_czi_donated_to_give_glasses","Somewhat important","factor","Somewhat.important"
"importance_that_czi_donated_to_give_glasses","Very important","factor","Very.important"
"importance_that_czi_donated_to_give_glasses","Not at all important","factor","Not.at.all.important"
"importance_that_czi_donated_to_give_glasses","Somewhat unimportant","factor","Somewhat.unimportant"
"importance_that_czi_pledges_to_cure_all_diseases","Somewhat important","factor","Somewhat.important"
"importance_that_czi_pledges_to_cure_all_diseases","Somewhat unimportant","factor","Somewhat.unimportant"
"importance_that_czi_pledges_to_cure_all_diseases","Very important","factor","Very.important"
"importance_that_czi_pledges_to_cure_all_diseases","Not at all important","factor","Not.at.all.important"
"importance_that_czi_pledges_to_map_every_cell","Somewhat important","factor","Somewhat.important"
"importance_that_czi_pledges_to_map_every_cell","Somewhat unimportant","factor","Somewhat.unimportant"
"importance_that_czi_pledges_to_map_every_cell","Very important","factor","Very.important"
"importance_that_czi_pledges_to_map_every_cell","Not at all important","factor","Not.at.all.important"
"importance_that_czi_supports_scientific_research","Somewhat unimportant","factor","Somewhat.unimportant"
"importance_that_czi_supports_scientific_research","Somewhat important","factor","Somewhat.important"
"importance_that_czi_supports_scientific_research","Very important","factor","Very.important"
"importance_that_czi_supports_scientific_research","Not at all important","factor","Not.at.all.important"
"importance_that_mark__priscilla_give_away_wealth","Somewhat important","factor","Somewhat.important"
"importance_that_mark__priscilla_give_away_wealth","Somewhat unimportant","factor","Somewhat.unimportant"
"importance_that_mark__priscilla_give_away_wealth","Very important","factor","Very.important"
"importance_that_mark__priscilla_give_away_wealth","Not at all important","factor","Not.at.all.important"
"importance_that_czi_collectes_data_on_injustice_in_criminal_system","Somewhat unimportant","factor","Somewhat.unimportant"
"importance_that_czi_collectes_data_on_injustice_in_criminal_system","Very important","factor","Very.important"
"importance_that_czi_collectes_data_on_injustice_in_criminal_system","Somewhat important","factor","Somewhat.important"
"importance_that_czi_collectes_data_on_injustice_in_criminal_system","Not at all important","factor","Not.at.all.important"
"importance_that_czi_partners_wih_summit_schools_on_student_directed_learning",NA,"factor","NA."
"importance_that_czi_partners_wih_summit_schools_on_student_directed_learning","Very important","factor","Very.important"
"importance_that_czi_partners_wih_summit_schools_on_student_directed_learning","Not at all important","factor","Not.at.all.important"
"importance_that_czi_partners_wih_summit_schools_on_student_directed_learning","Somewhat important","factor","Somewhat.important"
"importance_that_czi_partners_wih_summit_schools_on_student_directed_learning","Somewhat unimportant","factor","Somewhat.unimportant"
"importance_that_czi_partners_wih_summit_schools_in_disadvanatged_communities","Somewhat important","factor","Somewhat.important"
"importance_that_czi_partners_wih_summit_schools_in_disadvanatged_communities","Not at all important","factor","Not.at.all.important"
"importance_that_czi_partners_wih_summit_schools_in_disadvanatged_communities",NA,"factor","NA."
"importance_that_czi_partners_wih_summit_schools_in_disadvanatged_communities","Very important","factor","Very.important"
"importance_that_czi_partners_wih_summit_schools_in_disadvanatged_communities","Somewhat unimportant","factor","Somewhat.unimportant"
"importance_that_czi_provides_personalized_learning_software","Somewhat important","factor","Somewhat.important"
"importance_that_czi_provides_personalized_learning_software","Not at all important","factor","Not.at.all.important"
"importance_that_czi_provides_personalized_learning_software","Very important","factor","Very.important"
"importance_that_czi_provides_personalized_learning_software","Somewhat unimportant","factor","Somewhat.unimportant"
"favorability_of_czi_using_engineering_for_social_change",NA,"factor","NA."
"favorability_of_czi_using_engineering_for_social_change","Somewhat more favorable","factor","Somewhat.more.favorable"
"favorability_of_czi_using_engineering_for_social_change","Much more favorable","factor","Much.more.favorable"
"favorability_of_czi_using_engineering_for_social_change","Somewhat less favorable","factor","Somewhat.less.favorable"
"favorability_of_czi_using_engineering_for_social_change","Much less favorable","factor","Much.less.favorable"
"favorability_of_czi_using_new_resources_to_some_big_problems",NA,"factor","NA."
"favorability_of_czi_using_new_resources_to_some_big_problems","Much less favorable","factor","Much.less.favorable"
"favorability_of_czi_using_new_resources_to_some_big_problems","Somewhat more favorable","factor","Somewhat.more.favorable"
"favorability_of_czi_using_new_resources_to_some_big_problems","Much more favorable","factor","Much.more.favorable"
"favorability_of_czi_using_new_resources_to_some_big_problems","Somewhat less favorable","factor","Somewhat.less.favorable"
"favorability_of_czi_investing_in_science_to_cure_all_disease","Somewhat more favorable","factor","Somewhat.more.favorable"
"favorability_of_czi_investing_in_science_to_cure_all_disease",NA,"factor","NA."
"favorability_of_czi_investing_in_science_to_cure_all_disease","Much more favorable","factor","Much.more.favorable"
"favorability_of_czi_investing_in_science_to_cure_all_disease","Somewhat less favorable","factor","Somewhat.less.favorable"
"favorability_of_czi_investing_in_science_to_cure_all_disease","Much less favorable","factor","Much.less.favorable"
"favorability_of_czi_colloborating_with_scientists__engineers",NA,"factor","NA."
"favorability_of_czi_colloborating_with_scientists__engineers","Much more favorable","factor","Much.more.favorable"
"favorability_of_czi_colloborating_with_scientists__engineers","Somewhat more favorable","factor","Somewhat.more.favorable"
"favorability_of_czi_colloborating_with_scientists__engineers","Somewhat less favorable","factor","Somewhat.less.favorable"
"favorability_of_czi_colloborating_with_scientists__engineers","Much less favorable","factor","Much.less.favorable"
"favorability_of_czi_developing_software_for_scientists",NA,"factor","NA."
"favorability_of_czi_developing_software_for_scientists","Somewhat more favorable","factor","Somewhat.more.favorable"
"favorability_of_czi_developing_software_for_scientists","Much more favorable","factor","Much.more.favorable"
"favorability_of_czi_developing_software_for_scientists","Somewhat less favorable","factor","Somewhat.less.favorable"
"favorability_of_czi_developing_software_for_scientists","Much less favorable","factor","Much.less.favorable"
"favorability_of_czi_funding_research_w_private__public","Somewhat more favorable","factor","Somewhat.more.favorable"
"favorability_of_czi_funding_research_w_private__public",NA,"factor","NA."
"favorability_of_czi_funding_research_w_private__public","Much more favorable","factor","Much.more.favorable"
"favorability_of_czi_funding_research_w_private__public","Somewhat less favorable","factor","Somewhat.less.favorable"
"favorability_of_czi_funding_research_w_private__public","Much less favorable","factor","Much.less.favorable"
"favorability_of_czi_s_belief_that_all_people_should_have_income",NA,"factor","NA."
"favorability_of_czi_s_belief_that_all_people_should_have_income","Much more favorable","factor","Much.more.favorable"
"favorability_of_czi_s_belief_that_all_people_should_have_income","Much less favorable","factor","Much.less.favorable"
"favorability_of_czi_s_belief_that_all_people_should_have_income","Somewhat less favorable","factor","Somewhat.less.favorable"
"favorability_of_czi_s_belief_that_all_people_should_have_income","Somewhat more favorable","factor","Somewhat.more.favorable"
"favorability_of_czi_investing_in_basic_healthcare_for_all",NA,"factor","NA."
"favorability_of_czi_investing_in_basic_healthcare_for_all","Much less favorable","factor","Much.less.favorable"
"favorability_of_czi_investing_in_basic_healthcare_for_all","Somewhat more favorable","factor","Somewhat.more.favorable"
"favorability_of_czi_investing_in_basic_healthcare_for_all","Somewhat less favorable","factor","Somewhat.less.favorable"
"favorability_of_czi_investing_in_basic_healthcare_for_all","Much more favorable","factor","Much.more.favorable"
"favoraiblity_of_czi_participating_in_policy_debates","Somewhat more favorable","factor","Somewhat.more.favorable"
"favoraiblity_of_czi_participating_in_policy_debates",NA,"factor","NA."
"favoraiblity_of_czi_participating_in_policy_debates","Much more favorable","factor","Much.more.favorable"
"favoraiblity_of_czi_participating_in_policy_debates","Much less favorable","factor","Much.less.favorable"
"favoraiblity_of_czi_participating_in_policy_debates","Somewhat less favorable","factor","Somewhat.less.favorable"
"favorability_of_czi_developing_personalized_education_software",NA,"factor","NA."
"favorability_of_czi_developing_personalized_education_software","Somewhat more favorable","factor","Somewhat.more.favorable"
"favorability_of_czi_developing_personalized_education_software","Much more favorable","factor","Much.more.favorable"
"favorability_of_czi_developing_personalized_education_software","Much less favorable","factor","Much.less.favorable"
"favorability_of_czi_developing_personalized_education_software","Somewhat less favorable","factor","Somewhat.less.favorable"
"favorability_of_czi_developing_tools_to_work_in_modern_economy",NA,"factor","NA."
"favorability_of_czi_developing_tools_to_work_in_modern_economy","Much less favorable","factor","Much.less.favorable"
"favorability_of_czi_developing_tools_to_work_in_modern_economy","Somewhat more favorable","factor","Somewhat.more.favorable"
"favorability_of_czi_developing_tools_to_work_in_modern_economy","Somewhat less favorable","factor","Somewhat.less.favorable"
"favorability_of_czi_developing_tools_to_work_in_modern_economy","Much more favorable","factor","Much.more.favorable"
"favorability_of_czi_donating_tools_to_test_personalized_learning","Somewhat more favorable","factor","Somewhat.more.favorable"
"favorability_of_czi_donating_tools_to_test_personalized_learning",NA,"factor","NA."
"favorability_of_czi_donating_tools_to_test_personalized_learning","Much more favorable","factor","Much.more.favorable"
"favorability_of_czi_donating_tools_to_test_personalized_learning","Somewhat less favorable","factor","Somewhat.less.favorable"
"favorability_of_czi_donating_tools_to_test_personalized_learning","Much less favorable","factor","Much.less.favorable"
"favorability_of_czi_solving_problems_by_using_engineering","Somewhat more favorable","factor","Somewhat.more.favorable"
"favorability_of_czi_solving_problems_by_using_engineering","Somewhat less favorable","factor","Somewhat.less.favorable"
"favorability_of_czi_solving_problems_by_using_engineering","Much more favorable","factor","Much.more.favorable"
"favorability_of_czi_solving_problems_by_using_engineering","Much less favorable","factor","Much.less.favorable"
"favorability_of_czi_working_with_experts_across_fields","Somewhat more favorable","factor","Somewhat.more.favorable"
"favorability_of_czi_working_with_experts_across_fields","Much less favorable","factor","Much.less.favorable"
"favorability_of_czi_working_with_experts_across_fields","Much more favorable","factor","Much.more.favorable"
"favorability_of_czi_working_with_experts_across_fields","Somewhat less favorable","factor","Somewhat.less.favorable"
"czi_committment_to_diversity","Somewhat committed","factor","Somewhat.committed"
"czi_committment_to_diversity","Not committed at all","factor","Not.committed.at.all"
"czi_committment_to_diversity","Somewhat uncommitted","factor","Somewhat.uncommitted"
"czi_committment_to_diversity","Very committed","factor","Very.committed"
"agreement_with_mass_involvement_in_the_political_process","Somewhat agree","factor","Somewhat.agree"
"agreement_with_mass_involvement_in_the_political_process","Strongly disagree","factor","Strongly.disagree"
"agreement_with_mass_involvement_in_the_political_process","Strongly agree","factor","Strongly.agree"
"agreement_with_mass_involvement_in_the_political_process","Somewhat disagree","factor","Somewhat.disagree"
"concerned_that_tech_billionares_are_more_involved_in_policy","Somewhat concerned","factor","Somewhat.concerned"
"concerned_that_tech_billionares_are_more_involved_in_policy","Somewhat unconcerned","factor","Somewhat.unconcerned"
"concerned_that_tech_billionares_are_more_involved_in_policy","Very concerned","factor","Very.concerned"
"concerned_that_tech_billionares_are_more_involved_in_policy","Not concerned at all","factor","Not.concerned.at.all"
"concerned_that_philanthropies_are_more_involved_in_policy","Somewhat concerned","factor","Somewhat.concerned"
"concerned_that_philanthropies_are_more_involved_in_policy","Somewhat unconcerned","factor","Somewhat.unconcerned"
"concerned_that_philanthropies_are_more_involved_in_policy","Very concerned","factor","Very.concerned"
"concerned_that_philanthropies_are_more_involved_in_policy","Not concerned at all","factor","Not.concerned.at.all"
"concerned_that_philanthropies_are_funding_ballot_initatives","Somewhat concerned","factor","Somewhat.concerned"
"concerned_that_philanthropies_are_funding_ballot_initatives","Somewhat unconcerned","factor","Somewhat.unconcerned"
"concerned_that_philanthropies_are_funding_ballot_initatives","Very concerned","factor","Very.concerned"
"concerned_that_philanthropies_are_funding_ballot_initatives","Not concerned at all","factor","Not.concerned.at.all"
"concerned_that_czi_can_t_be_held_accountanle","Somewhat concerned","factor","Somewhat.concerned"
"concerned_that_czi_can_t_be_held_accountanle","Somewhat unconcerned","factor","Somewhat.unconcerned"
"concerned_that_czi_can_t_be_held_accountanle","Very concerned","factor","Very.concerned"
"concerned_that_czi_can_t_be_held_accountanle","Not concerned at all","factor","Not.concerned.at.all"
"concerned_that_private_donors_make_society_less_democratic","Somewhat concerned","factor","Somewhat.concerned"
"concerned_that_private_donors_make_society_less_democratic","Somewhat unconcerned","factor","Somewhat.unconcerned"
"concerned_that_private_donors_make_society_less_democratic","Very concerned","factor","Very.concerned"
"concerned_that_private_donors_make_society_less_democratic","Not concerned at all","factor","Not.concerned.at.all"
"concerned_that_tech_philanthropies_will_use_my_data","Somewhat concerned","factor","Somewhat.concerned"
"concerned_that_tech_philanthropies_will_use_my_data","Somewhat unconcerned","factor","Somewhat.unconcerned"
"concerned_that_tech_philanthropies_will_use_my_data","Very concerned","factor","Very.concerned"
"concerned_that_tech_philanthropies_will_use_my_data","Not concerned at all","factor","Not.concerned.at.all"
"favorability_of_czi_as_a_llc","Somewhat more favorable","factor","Somewhat.more.favorable"
"favorability_of_czi_as_a_llc","Somewhat less favorable","factor","Somewhat.less.favorable"
"favorability_of_czi_as_a_llc","Much less favorable to CZI","factor","Much.less.favorable.to.CZI"
"favorability_of_czi_as_a_llc","Much more favorable to CZI","factor","Much.more.favorable.to.CZI"
"favorability_of_czi_as_a_llc",NA,"factor","NA."
"czi_is_committed_to_its_mission_or_more_interested_in_power","CZI's choice to establish itself as an LLC proves that the organization is more interested in power and influence than h","factor","CZI.s.choice.to.establish.itself.as.an.LLC.proves.that.the.organization.is.more.interested.in.power.and.influence.than.h"
"czi_is_committed_to_its_mission_or_more_interested_in_power","CZI is committed to advancing human potential and promoting equal opportunity in our society and the LLC structure just","factor","CZI.is.committed.to.advancing.human.potential.and.promoting.equal.opportunity.in.our.society.and.the.LLC.structure.just"
"czi_is_committed_to_its_mission_or_more_interested_in_power",NA,"factor","NA."
"czi_is_committed_to_its_mission_or_wants_to_make_mark__fb_more_powerful","Whether CZI is structured as an LLC or traditional non-profit doesn't matter to me, as long as they continue to work dil","factor","Whether.CZI.is.structured.as.an.LLC.or.traditional.non.profit.doesn.t.matter.to.me..as.long.as.they.continue.to.work.dil"
"czi_is_committed_to_its_mission_or_wants_to_make_mark__fb_more_powerful","CZI's choice to establish itself as an LLC, instead of a traditional non-profit, proves that the organization is a front","factor","CZI.s.choice.to.establish.itself.as.an.LLC..instead.of.a.traditional.non.profit..proves.that.the.organization.is.a.front"
"czi_is_committed_to_its_mission_or_wants_to_make_mark__fb_more_powerful",NA,"factor","NA."
"czi_is_committed_to_its_mission_or_is_trying_to_avoid_taxes","The fact that CZI is a LLC and not a private foundation or trust doesn't change the fact that the organization is lookin","factor","The.fact.that.CZI.is.a.LLC.and.not.a.private.foundation.or.trust.doesn.t.change.the.fact.that.the.organization.is.lookin"
"czi_is_committed_to_its_mission_or_is_trying_to_avoid_taxes","The fact that CZI is a LLC and not a private foundation or trust shows suggests that the organization is just trying to","factor","The.fact.that.CZI.is.a.LLC.and.not.a.private.foundation.or.trust.shows.suggests.that.the.organization.is.just.trying.to"
"czi_is_committed_to_its_mission_or_is_trying_to_avoid_taxes",NA,"factor","NA."
"party_identification","Republican","factor","Republican"
"party_identification","Democrat","factor","Democrat"
"party_identification","Strong Democrat","factor","Strong.Democrat"
"party_identification","Don't know","factor","Don.t.know"
"party_identification","Independent","factor","Independent"
"party_identification","Strong Republican","factor","Strong.Republican"
"party_identification","Other (SPECIFY)","factor","Other..SPECIFY."
"independent_voter_political_leaning",NA,"factor","NA."
"independent_voter_political_leaning","I vote equally for Democrats and Republicans","factor","I.vote.equally.for.Democrats.and.Republicans"
"independent_voter_political_leaning","I vote for Republicans more often than you vote for Democrats","factor","I.vote.for.Republicans.more.often.than.you.vote.for.Democrats"
"independent_voter_political_leaning","I vote for Democrats more often than you vote for republicans","factor","I.vote.for.Democrats.more.often.than.you.vote.for.republicans"
"independent_voter_political_leaning","I almost always vote for Republican candidates","factor","I.almost.always.vote.for.Republican.candidates"
"independent_voter_political_leaning","Don't know","factor","Don.t.know"
"independent_voter_political_leaning","I almost always vote for Democratic candidates","factor","I.almost.always.vote.for.Democratic.candidates"
"political_ideaology","Moderate","factor","Moderate"
"political_ideaology","Liberal","factor","Liberal"
"political_ideaology","Conservative","factor","Conservative"
"has_children","Yes - Over 18 years old","factor","Yes...Over.18.years.old"
"has_children","No","factor","No"
"has_children","Yes - Under 18 years old","factor","Yes...Under.18.years.old"
"religious_preference","Catholic","factor","Catholic"
"religious_preference","Lutheran","factor","Lutheran"
"religious_preference","Jewish","factor","Jewish"
"religious_preference","Presbyterian","factor","Presbyterian"
"religious_preference","None","factor","None"
"religious_preference","Baptist","factor","Baptist"
"religious_preference","Methodist","factor","Methodist"
"religious_preference","Other non-Christian (SPECIFY)","factor","Other.non.Christian..SPECIFY."
"religious_preference","Other Christian (SPECIFY)","factor","Other.Christian..SPECIFY."
"religious_preference","Evangelical","factor","Evangelical"
"religious_preference","United Church of Christ","factor","United.Church.of.Christ"
"religious_preference","Episcopalian","factor","Episcopalian"
"religious_preference","Pentecostal","factor","Pentecostal"
"religious_preference","Disciple of Christ","factor","Disciple.of.Christ"
"religious_preference","Unitarian","factor","Unitarian"
"religious_preference","Mormon/LDS/Latter Day Saints","factor","Mormon.LDS.Latter.Day.Saints"
"religious_preference","A.M.E. – African Methodist Episcopal","factor","A.M.E....African.Methodist.Episcopal"
"type_of_christian",NA,"factor","NA."
"type_of_christian","No","factor","No"
"type_of_christian","Yes - Evangelical","factor","Yes...Evangelical"
"type_of_christian","Yes - born again","factor","Yes...born.again"
"frequency_of_attending_religious_services","Once or twice a month","factor","Once.or.twice.a.month"
"frequency_of_attending_religious_services","Hardly ever","factor","Hardly.ever"
"frequency_of_attending_religious_services","Never","factor","Never"
"frequency_of_attending_religious_services","Several times a year","factor","Several.times.a.year"
"frequency_of_attending_religious_services","Twice a week or more","factor","Twice.a.week.or.more"
"frequency_of_attending_religious_services","Every week","factor","Every.week"
"type_of_phone_in_household","My household has a cell phone and landline but almost all or some calls are made on the landline","factor","My.household.has.a.cell.phone.and.landline.but.almost.all.or.some.calls.are.made.on.the.landline"
"type_of_phone_in_household","My household has a landline but all or most calls are made by cell phone","factor","My.household.has.a.landline.but.all.or.most.calls.are.made.by.cell.phone"
"type_of_phone_in_household","My household is a cell phone only household with no landline","factor","My.household.is.a.cell.phone.only.household.with.no.landline"
"type_of_phone_in_household","My household has a landline only - no cell phones at all","factor","My.household.has.a.landline.only...no.cell.phones.at.all"
"type_of_phone_in_household","None","factor","None"
"internet_accessible_household","My household has internet access","factor","My.household.has.internet.access"
"internet_accessible_household","My household does not have internet access","factor","My.household.does.not.have.internet.access"
"news_source_national_network_tv","Not selected","factor","Not.selected"
"news_source_national_network_tv","Selected","factor","Selected"
"news_source_cable_tv","Not selected","factor","Not.selected"
"news_source_cable_tv","Selected","factor","Selected"
"news_source_local_network_tv","Selected","factor","Selected"
"news_source_local_network_tv","Not selected","factor","Not.selected"
"news_source_print_newspaper","Selected","factor","Selected"
"news_source_print_newspaper","Not selected","factor","Not.selected"
"news_source_online_newspaper","Not selected","factor","Not.selected"
"news_source_online_newspaper","Selected","factor","Selected"
"news_source_online_news","Not selected","factor","Not.selected"
"news_source_online_news","Selected","factor","Selected"
"news_source_radio","Not selected","factor","Not.selected"
"news_source_radio","Selected","factor","Selected"
"news_source_social_media","Selected","factor","Selected"
"news_source_social_media","Not selected","factor","Not.selected"
"news_source_partisan_news","Not selected","factor","Not.selected"
"news_source_partisan_news","Selected","factor","Selected"
"news_source_online_chat","Not selected","factor","Not.selected"
"news_source_online_chat","Selected","factor","Selected"
"news_source_others","Not selected","factor","Not.selected"
"news_source_others","Selected","factor","Selected"
